{"Consumer Durables": {"leaders": ["CASY", "CPRT", "GT", "POOL"], "followers": ["CPRT", "POOL", "TLRY"], "z": [[0.0, -0.15430470162946566, 0.0], [0.0, 0.0, 0.22666191773324348], [0.22478452474605892, 0.0, 0.0], [0.0, 0.0, 0.1647093650992503]]}, "Consumer Non-Durables": {"leaders": ["CTAS", "MDLZ", "PEP"], "followers": ["MNST"], "z": [[0.10954031416082148], [0.11017787435640926], [-0.1026908035002254]]}, "Consumer Services": {"leaders": ["AMZN", "CMCSA", "COST", "FOX"], "followers": ["AMZN", "FOX", "FOXA", "NFLX"], "z": [[0.0, 0.0, 0.15543252699526647, 0.0], [-0.31489749202179107, 0.0, 0.0, -0.3538780032779333], [-0.27190345650035086, -0.26887834964548407, -0.27198840348142267, 0.0], [-0.2104012481071778, 0.0, 0.0, 0.0]]}, "Energy": {"leaders": ["CDEV", "PTEN", "WWD"], "followers": ["ALTM", "PTEN", "VNOM", "WWD"], "z": [[-0.21682115331956076, 0.13353726180218387, 0.16723129456065527, 0.0], [0.0, 0.0, 0.0, 0.21982571720964], [-0.24884035698733326, 0.0, 0.0, 0.0]]}, "Finance": {"leaders": ["AMTD", "HBANO", "NTRS", "WLTW"], "followers": ["AMTD", "TROW", "WLTW"], "z": [[0.0, -0.13937193156825914, 0.0], [0.0, 0.0, 0.24472922869945232], [-0.1403591551612412, -0.1447109135080268, 0.0], [0.0, 0.12271673543010324, 0.0]]}, "Miscellaneous": {"leaders": ["CSGP", "NTES"], "followers": ["PYPL"], "z": [[-0.12214237234072974], [-0.12923151808376973]]}, "Public Utilities": {"leaders": ["AMOV", "TIGO", "TMUS"], "followers": ["AMOV", "VOD"], "z": [[0.0, 0.26841344383578264], [0.1230479078712269, 0.2533865637144995], [-0.19163233030916052, -0.32211113774156613]]}, "Technology": {"leaders": ["MSFT"], "followers": ["FB", "GOOG", "GOOGL"], "z": [[-0.11969785592394692, -0.11506338091643671, -0.12061993720815489]]}}