{"Basic Industries": {"leaders": ["MEOH", "RGLD"], "followers": ["RGLD", "SRCL"], "z": [[-0.10226153754543454, 0.1111575045178988], [0.0, 0.12487674993950212]]}, "Capital Goods": {"leaders": ["GRMN"], "followers": ["IEP"], "z": [[0.1452916131779771]]}, "Consumer Services": {"leaders": ["AMZN", "CMCSA"], "followers": ["NFLX", "SBUX"], "z": [[-0.1146532337395197, 0.0], [0.0, 0.14601871932650828]]}, "Energy": {"leaders": ["PTEN", "VNOM"], "followers": ["CDEV"], "z": [[-0.102369703150497], [-0.12910271966121772]]}, "Finance": {"leaders": ["HBANO"], "followers": ["AMTD"], "z": [[-0.11757019133000671]]}, "Health Care": {"leaders": ["AMGN", "BIIB", "ISRG"], "followers": ["AMGN", "VRTX", "WBA"], "z": [[0.0, 0.0, -0.14324882618201973], [0.12382953416502102, 0.0, 0.1262888946673247], [0.0, 0.15315716964538634, 0.0]]}, "Miscellaneous": {"leaders": ["BKNG"], "followers": ["EBAY"], "z": [[0.11945535194253208]]}, "Public Utilities": {"leaders": ["TMUS"], "followers": ["LNT"], "z": [[0.11090368825832797]]}, "Transportation": {"leaders": ["UAL"], "followers": ["CSX"], "z": [[0.11483988840622875]]}}