{"Basic Industries": {"leaders": ["MTRX", "SRCL", "WDFC"], "followers": ["AMRS", "AMWD", "CDXS", "STLD"], "z": [[0.0, 0.1019746767733247, 0.0, 0.12778841093098003], [0.0, 0.0, -0.1509564189796622, 0.0], [0.12253335203429785, 0.1281458084385444, 0.0, 0.0]]}, "Capital Goods": {"leaders": ["IIVI", "MKSI", "MRCY"], "followers": ["FLIR", "MKSI", "MRCY"], "z": [[-0.17626623288098098, 0.0, 0.12876377256017482], [-0.126328404682902, 0.0, 0.0], [0.0, 0.10645699871231484, 0.0]]}, "Consumer Durables": {"leaders": ["AMSC", "CENT", "IRBT"], "followers": ["CASY", "LYTS", "SLGN"], "z": [[-0.16702881847713955, 0.0, 0.0], [0.0, 0.1142430765942965, 0.0], [0.0, 0.0, -0.10813848735594701]]}, "Consumer Non-Durables": {"leaders": ["COLM", "FOSL"], "followers": ["CROX", "SAFM"], "z": [[0.0, 0.12059490934447135], [0.23017993488035404, 0.0]]}, "Consumer Services": {"leaders": ["DISH"], "followers": ["SBUX"], "z": [[0.12117789602803032]]}, "Energy": {"leaders": ["BRY", "FANG", "TPIC", "TUSK", "VNOM"], "followers": ["ARLP", "CDEV", "TPIC", "TUSK", "VNOM", "XOG"], "z": [[0.0, 0.0, 0.0, 0.0, 0.0, 0.11630166087499756], [0.0, 0.0, -0.1120714961497294, -0.15908331123599198, 0.0, 0.0], [-0.14060596132512618, 0.0, 0.0, 0.0, 0.0, 0.0], [0.15012879520138545, 0.0, 0.0, 0.0, -0.13729795784641252, 0.34371434670041945], [0.0, -0.12910271966121772, 0.0, 0.0, 0.0, -0.1464869306112779]]}, "Finance": {"leaders": ["CG", "EEFT", "PFG", "SEIC"], "followers": ["AMTD", "LPLA", "SBNY", "TROW"], "z": [[0.10742979761066698, 0.0, 0.0, 0.0], [0.0, 0.0, 0.0, -0.14126827147727555], [0.0, -0.14916792573571994, 0.0, 0.0], [0.0, 0.0, 0.13017214068640162, 0.0]]}, "Health Care": {"leaders": ["BMRN", "GILD", "ISRG"], "followers": ["AMGN", "HOLX", "PTI", "VRTX", "XRAY"], "z": [[0.14031753230984137, 0.16213495912864176, 0.0, 0.0, 0.0], [0.0, 0.0, -0.20315238098115618, 0.0, 0.1347607077004382], [0.0, -0.11493735709385425, 0.0, 0.15315716964538634, 0.0]]}, "Miscellaneous": {"leaders": ["CSGP", "ETSY", "HQY", "MELI"], "followers": ["EBAY", "GPRO", "MELI", "STMP", "ZG"], "z": [[0.0, 0.0, 0.14413293695206678, 0.0, 0.0], [0.11741150189968003, 0.0, 0.0, 0.0, 0.0], [0.0, 0.14649756239024903, 0.0, 0.0, -0.10934228495698783], [0.0, 0.0, 0.0, 0.10647515185693819, 0.0]]}, "Public Utilities": {"leaders": ["ADTN", "CLNE", "NEXT", "SPKE", "TERP"], "followers": ["ALSK", "CLNE", "CWST"], "z": [[0.0, 0.13368441532110795, 0.0], [-0.1475308356292075, 0.0, 0.0], [0.0, -0.16732553909388276, 0.0], [0.0, 0.0, -0.12197009056035558], [0.0, 0.0, 0.1407064988753944]]}, "Technology": {"leaders": ["ADBE", "AVGO", "FB"], "followers": ["AAPL", "ADBE", "MSFT", "NVDA"], "z": [[0.0, 0.0, 0.0, -0.1258026378575272], [0.1511719113050183, 0.0, 0.10715666956994545, 0.0], [0.0, -0.15171896086055858, 0.0, 0.0]]}, "Transportation": {"leaders": ["CHRW", "HUBG", "JBLU", "LSTR", "ODFL", "SKYW"], "followers": ["CHRW", "JBLU", "RYAAY", "SKYW", "WERN"], "z": [[0.0, 0.0, 0.12073933870500404, 0.0, 0.0], [0.1255859024130928, 0.0, 0.0, 0.0, 0.0], [0.0, 0.0, -0.15330739060152584, -0.12770581413316612, 0.0], [0.0, 0.11747773030138639, 0.0, 0.0, 0.0], [0.13676943010859002, 0.0, -0.1359784669208467, 0.0, 0.0], [0.0, 0.0, 0.0, 0.0, -0.16614412217826044]]}}